blind_id,item_id
conversion-0001,codemix_conv-0043
conversion-0002,codemix_conv-0042
conversion-0003,codemix_conv-0092
conversion-0004,codemix_conv-0010
conversion-0005,codemix_conv-0066
conversion-0006,codemix_conv-0051
conversion-0007,codemix_conv-0002
conversion-0008,codemix_conv-0071
conversion-0009,codemix_conv-0016
conversion-0010,codemix_conv-0079
conversion-0011,codemix_conv-0074
conversion-0012,codemix_conv-0011
conversion-0013,codemix_conv-0056
conversion-0014,codemix_conv-0057
conversion-0015,codemix_conv-0073
conversion-0016,codemix_conv-0046
conversion-0017,codemix_conv-0049
conversion-0018,codemix_conv-0093
conversion-0019,codemix_conv-0077
conversion-0020,codemix_conv-0038
conversion-0021,codemix_conv-0031
conversion-0022,codemix_conv-0022
conversion-0023,codemix_conv-0033
conversion-0024,codemix_conv-0097
conversion-0025,codemix_conv-0081
conversion-0026,codemix_conv-0050
conversion-0027,codemix_conv-0084
conversion-0028,codemix_conv-0027
conversion-0029,codemix_conv-0088
conversion-0030,codemix_conv-0034
conversion-0031,codemix_conv-0009
conversion-0032,codemix_conv-0048
conversion-0033,codemix_conv-0060
conversion-0034,codemix_conv-0064
conversion-0035,codemix_conv-0075
conversion-0036,codemix_conv-0045
conversion-0037,codemix_conv-0099
conversion-0038,codemix_conv-0053
conversion-0039,codemix_conv-0086
conversion-0040,codemix_conv-0013
conversion-0041,codemix_conv-0037
conversion-0042,codemix_conv-0024
conversion-0043,codemix_conv-0040
conversion-0044,codemix_conv-0041
conversion-0045,codemix_conv-0019
conversion-0046,codemix_conv-0067
conversion-0047,codemix_conv-0062
conversion-0048,codemix_conv-0061
conversion-0049,codemix_conv-0008
conversion-0050,codemix_conv-0035
conversion-0051,codemix_conv-0100
conversion-0052,codemix_conv-0047
conversion-0053,codemix_conv-0003
conversion-0054,codemix_conv-0052
conversion-0055,codemix_conv-0017
conversion-0056,codemix_conv-0039
conversion-0057,codemix_conv-0059
conversion-0058,codemix_conv-0069
conversion-0059,codemix_conv-0023
conversion-0060,codemix_conv-0063
conversion-0061,codemix_conv-0025
conversion-0062,codemix_conv-0006
conversion-0063,codemix_conv-0007
conversion-0064,codemix_conv-0068
conversion-0065,codemix_conv-0083
conversion-0066,codemix_conv-0020
conversion-0067,codemix_conv-0080
conversion-0068,codemix_conv-0044
conversion-0069,codemix_conv-0091
conversion-0070,codemix_conv-0021
conversion-0071,codemix_conv-0001
conversion-0072,codemix_conv-0096
conversion-0073,codemix_conv-0058
conversion-0074,codemix_conv-0094
conversion-0075,codemix_conv-0054
conversion-0076,codemix_conv-0090
conversion-0077,codemix_conv-0026
conversion-0078,codemix_conv-0072
conversion-0079,codemix_conv-0085
conversion-0080,codemix_conv-0078
conversion-0081,codemix_conv-0065
conversion-0082,codemix_conv-0030
conversion-0083,codemix_conv-0028
conversion-0084,codemix_conv-0089
conversion-0085,codemix_conv-0098
conversion-0086,codemix_conv-0005
conversion-0087,codemix_conv-0055
conversion-0088,codemix_conv-0076
conversion-0089,codemix_conv-0012
conversion-0090,codemix_conv-0070
conversion-0091,codemix_conv-0087
conversion-0092,codemix_conv-0014
conversion-0093,codemix_conv-0018
conversion-0094,codemix_conv-0029
conversion-0095,codemix_conv-0032
conversion-0096,codemix_conv-0036
conversion-0097,codemix_conv-0095
conversion-0098,codemix_conv-0004
conversion-0099,codemix_conv-0015
conversion-0100,codemix_conv-0082
